Workbook

Sheet Casos
A1: Casos de prueba · Panel Organizador · Entrega 1 (build: commit 1d8a68e) · 36 priorizados, 25 postergados y 10 para las Entregas 2 y 3
A2: Listado para cargar en TestLink (un caso por fila). La importancia sale del nivel del riesgo más alto que cubre el caso. Estado: se actualiza en cada ejecución. Datos y tokens: ver plan §4.3.
A4: ID | B4: Suite TestLink | C4: Título | D4: Requisito / HU | E4: Riesgo(s) | F4: Nivel de riesgo | G4: Importancia TestLink | H4: Nivel de prueba | I4: Tipo de prueba | J4: Técnica | K4: Precondiciones y datos | L4: Pasos | M4: Resultado esperado | N4: Entrega | O4: Responsable | P4: Estado
A5: PO-AUT-01 | B5: 01 Autenticación y autorización (HU-06) | C5: Sesión ausente o inválida en los endpoints del organizador | D5: HU-06 | E5: R1 | F5: Alto | G5: Alta | H5: Integración | I5: Funcional | J5: Tabla de decisión | K5: API y mock-auth arriba; seed cargado. | L5: 1) Para cada endpoint (POST /api/v1/panel/eventos, GET …/mios, GET …/mios/{id}, POST …/mios/{id}/publicar) enviar la solicitud sin cabecera Cookie. 2) Repetir con Cookie: jwt=token-expirado. 3) Repetir con Cookie: jwt=abc123 (token desconocido). | M5: Los 12 envíos responden 401 con error.codigo = SESSION_INVALID y mensaje de iniciar sesión. Sin cookie, el panel no llama a Auth. No se crea ni modifica ningún evento. | N5: Entrega 1 | O5: Alonso Vera | P5: Diseñado
A6: PO-AUT-02 | B6: 01 Autenticación y autorización (HU-06) | C6: Rol no autorizado en los endpoints del organizador | D6: HU-06 | E6: R1 | F6: Alto | G6: Alta | H6: Integración | I6: Funcional | J6: Tabla de decisión | K6: Como AUT-01. | L6: 1) Con Cookie: jwt=token-asistente, llamar a los 4 endpoints del organizador. 2) Repetir con Cookie: jwt=token-staff. | M6: Los 8 envíos responden 403 con error.codigo = FORBIDDEN_ROLE y un mensaje de acceso restringido a organizadores. No se crea ni modifica ningún evento. | N6: Entrega 1 | O6: Alonso Vera | P6: Diseñado
A7: PO-AUT-03 | B7: 01 Autenticación y autorización (HU-06) | C7: Organizador autorizado accede a sus operaciones | D7: HU-06 | E7: R1 | F7: Alto | G7: Alta | H7: Integración | I7: Funcional | J7: Tabla de decisión | K7: Como AUT-01. Usar Cookie: jwt=token-org-a. | L7: 1) POST /api/v1/panel/eventos con un evento válido (campos del ejemplo del OpenAPI). 2) GET …/mios. 3) GET …/mios/{id del evento creado}. 4) POST …/mios/{id}/publicar. | M7: Respuestas 201, 200, 200 y 200. El id_organizador del evento es el id que devuelve Auth (3f1e2c1a-4b8d-4a2e-9c3f-7d1e2f9b2d4a), nunca uno enviado por el cliente. | N7: Entrega 1 | O7: Alonso Vera | P7: Postergado
A8: PO-AUT-04 | B8: 01 Autenticación y autorización (HU-06) | C8: Auth lento: la operación se corta y no se crea nada (fail-secure) | D8: HU-06 | E8: R1 | F8: Alto | G8: Alta | H8: Integración | I8: No funcional | J8: Predicción de errores / checklist | K8: Org A tiene 5 eventos en el seed. Auth tarda 3 s con token-lento y el timeout del panel es 1 s. | L8: 1) GET …/mios con Org A y anotar la cantidad de eventos (5). 2) POST /api/v1/panel/eventos con Cookie: jwt=token-lento y un evento válido; medir el tiempo de respuesta. 3) Repetir GET …/mios con Org A. | M8: El paso 2 responde 503 con error.codigo = AUTH_UNAVAILABLE en cerca de 2 s (timeout más un reintento). El paso 3 sigue mostrando 5 eventos: no se creó nada. | N8: Entrega 1 | O8: Christopher Okinggton | P8: Diseñado
A9: PO-AUT-05 | B9: 01 Autenticación y autorización (HU-06) | C9: Auth caído y recuperación sin reiniciar la API | D9: HU-06 | E9: R1 | F9: Alto | G9: Alta | H9: Integración | I9: No funcional | J9: Predicción de errores / checklist | K9: Docker disponible para detener e iniciar el contenedor mock-auth. | L9: 1) docker compose stop mock-auth. 2) GET …/mios con token-org-a. 3) POST …/publicar con token-org-a sobre un Borrador. 4) docker compose start mock-auth y repetir el paso 2 sin tocar la API. | M9: Los pasos 2 y 3 responden 503 AUTH_UNAVAILABLE y el Borrador sigue en BORRADOR. En el paso 4 la respuesta vuelve a 200 sin reiniciar la API. | N9: Entrega 1 | O9: Christopher Okinggton | P9: Postergado
A10: PO-AUT-06 | B10: 01 Autenticación y autorización (HU-06) | C10: Exploratorio de sesión en la UI (login simulado, 401, 403, 503) | D10: HU-06 | E10: R1, R12 | F10: Alto | G10: Alta | H10: Sistema | I10: No funcional | J10: Exploratorio | K10: Frontend en http://localhost:5173. Charter de 45 min: explorar el ciclo de sesión para encontrar mensajes confusos o rutas sin protección. | L10: 1) Entrar con cada botón del login simulado (Organizadora A, Organizador B, Asistente). 2) Entrar con token expirado y con Auth lento. 3) Abrir rutas internas (/mis-eventos, /nuevo-evento, detalle) sin sesión, y cerrar sesión desde el avatar. | M10: Sesión inválida redirige a /login con aviso de sesión; el asistente ve acceso denegado; con Auth lento se muestra la pantalla de servicio no disponible. Ninguna ruta interna se ve sin sesión. Hallazgos como defectos en Mantis. | N10: Entrega 1 | O10: Joaquín Martínez | P10: Diseñado
A11: PO-PRO-01 | B11: 02 Propiedad del evento (HU-06) | C11: Propiedad × endpoint con eventos de Org A y Org B | D11: HU-06 | E11: R2 | F11: Alto | G11: Alta | H11: Sistema | I11: Funcional | J11: Tabla de decisión | K11: Seed: Org A (token-org-a) es dueña de 66f1a0000000000000000001 a …05; Org B (token-org-b) de 66f1b0000000000000000001 (Publicado) y …02 (Borrador). | L11: 1) Org A: GET …/mios/66f1b0000000000000000001. 2) Org A: POST …/mios/66f1b0000000000000000002/publicar. 3) Org B: GET …/mios/66f1b0000000000000000002 para comprobar que sigue en BORRADOR. 4) Org B: GET de su propio evento …b01. | M11: Los pasos 1 y 2 responden 403 con error.codigo = EVENT_NOT_OWNED. En el paso 3 el estado sigue en BORRADOR. El paso 4 responde 200. | N11: Entrega 1 | O11: Alonso Vera | P11: Diseñado
A12: PO-PRO-02 | B12: 02 Propiedad del evento (HU-06) | C12: Ids inexistentes y mal formados | D12: HU-06 | E12: R2 | F12: Alto | G12: Alta | H12: Sistema | I12: Funcional | J12: Partición de equivalencia | K12: Cookie de Org A. | L12: 1) GET …/mios/66f1a0000000000000000099 (formato válido, no existe). 2) GET …/mios/abc, …/mios/{23 hex} y …/mios/{25 hex}. 3) Repetir 1 y 2 en POST …/publicar. | M12: Todas las respuestas son 404 con error.codigo = EVENT_NOT_FOUND. Ninguna es 500 ni 403. | N12: Entrega 1 | O12: Alonso Vera | P12: Diseñado
A13: PO-PRO-03 | B13: 02 Propiedad del evento (HU-06) | C13: El cliente no puede imponer dueño, estado ni id | D13: HU-06 | E13: R2 | F13: Alto | G13: Alta | H13: Sistema | I13: Funcional | J13: Partición de equivalencia | K13: Cookie de Org A. | L13: 1) POST /api/v1/panel/eventos con un evento válido más id_organizador = id de Org B. 2) Repetir con estado_gestion = PUBLICADO. 3) Repetir con id_evento = 66f1a0000000000000000001. 4) GET …/mios de Org A y de Org B. | M13: Los tres envíos responden 400 con error.codigo = VALIDATION_ERROR y detalles por campo. La cantidad de eventos de A y de B no cambia. | N13: Entrega 1 | O13: Alonso Vera | P13: Diseñado
A14: PO-PRO-04 | B14: 02 Propiedad del evento (HU-06) | C14: Consulta a TITEC: el GET compartido no valida propiedad | D14: HU-06 | E14: R2, R7 | F14: Alto | G14: Alta | H14: Integración | I14: Funcional | J14: Exploratorio | K14: Charter de 20 min. El contrato Check-in v1.2 autoriza «staff y organizador» sin hablar de propiedad. | L14: 1) Org B: GET /api/v1/panel/eventos/66f1a0000000000000000002 (evento Publicado de Org A). 2) Staff: el mismo GET. 3) Registrar la respuesta, los campos expuestos (id_usuario, cantidad_entradas) y consultar a TITEC si un organizador debería poder leer eventos ajenos por este endpoint. | M14: Se documenta el comportamiento observado. Si Org B recibe 200 y TITEC confirma que debía ser 403, se abre un defecto (severidad Mayor); si TITEC lo confirma como diseño, se anota como supuesto aceptado. | N14: Entrega 1 | O14: Christopher Okinggton | P14: Diseñado
A15: PO-PRO-05 | B15: 02 Propiedad del evento (HU-06) | C15: El orden de rutas no abre /mios sin sesión | D15: HU-06 | E15: R2 | F15: Alto | G15: Alta | H15: Sistema | I15: Confirmación y regresión | J15: Predicción de errores / checklist | K15: API arriba. | L15: 1) GET /api/v1/panel/eventos/mios sin cookie. 2) GET /api/v1/panel/eventos/mios con token-asistente. | M15: 401 SESSION_INVALID y 403 FORBIDDEN_ROLE. Nunca se trata «mios» como si fuera un id_evento. | N15: Entrega 1 | O15: Alonso Vera | P15: Postergado
... A75: PO-NOT-01 | B75: 16 Notificar cambios de estado (HU-07) | C75: Mensajes de cambio de estado hacia los otros servicios (tabla de salida) | D75: HU-07 | E75: R8, R13 | F75: Alto | G75: Alta | H75: Integración | I75: Funcional | J75: Tabla de decisión | K75: Avance 2 (22/10) con la tabla de salida mensajes_salientes (patrón outbox, ADR-0003). Seed cargado; Compass conectado a panel_organizador. Mientras no haya broker, la tabla es el punto de observación (contingencia de R13). | L75: 1) Org A crea un Borrador válido y revisa mensajes_salientes. 2) Publica el Borrador y revisa mensajes_salientes. 3) Edita sólo la descripción del evento publicado. 4) Edita la fecha y la hora del evento publicado. 5) Revisa el sobre y el cuerpo de cualquier mensaje. 6) Con el broker o el destino caído (cuando exista), publica otro Borrador. | M75: Crear: un mensaje sólo para Entradas, ninguno para Catálogo. Publicar: mensajes para Catálogo, Entradas, Check-in (tipo_cambio PUBLICADO), Notificaciones y Promociones, y el organizador recibe 200 sin esperar a los consumidores. Editar la descripción: Catálogo y Entradas. Reprogramar: además Notificaciones con evento_reprogramado y la nueva fecha y hora. El sobre trae version, tipo, fecha_cambio e id_evento; ningún mensaje lleva la cookie ni rut, correo o nombre del organizador. Con el destino caído el mensaje queda PENDIENTE o FALLIDO para reintento: no se pierde. | N75: Entrega 2 | O75: Christopher Okinggton | P75: Diseñado

Sheet Trazabilidad
A1: Matriz de trazabilidad: requisito → riesgo → casos
A3: Requisito / HU | B3: Riesgo(s) | C3: Casos TestLink | D3: Importancia | E3: Estado
A4: HU-06 Verificación de autorización (sesión, rol, fail-secure) | B4: R1 | C4: PO-AUT-01 a 06; PO-CON-07; PO-E2E-03 | D4: Alta | E4: Entrega 1: 5 de 8 casos priorizados; el resto, postergado
A5: HU-06 Validación de propiedad del evento | B5: R2 | C5: PO-PRO-01 a 05; PO-E2E-03 | D5: Alta | E5: Entrega 1: 4 de 6 casos priorizados; el resto, postergado
A6: HU-01 Crear un evento (datos y validaciones) | B6: R5, R12 | C6: PO-VAL-01 a 11; PO-UI-01; PO-E2E-01, 02 | D6: Media | E6: Entrega 1: 8 de 14 casos priorizados; el resto, postergado
A7: HU-01 Fechas y horas del evento | B7: R6 | C7: PO-FEC-01 a 06 | D7: Media | E7: Entrega 1: 3 de 6 casos priorizados; el resto, postergado
A8: HU-04 Publicar un evento | B8: R3 | C8: PO-PUB-01 a 05; PO-FEC-06; PO-E2E-01, 02 | D8: Alta | E8: Entrega 1: 7 de 8 casos priorizados; el resto, postergado
A9: HU-05 Ver mis eventos y detalle | B9: R11, R12 | C9: PO-LIS-01 a 04; PO-UI-02 | D9: Baja | E9: Entrega 1: 1 de 5 casos priorizados; el resto, postergado
A10: Visibilidad por estado (Catálogo, Promociones, Check-in, Notificaciones) | B10: R4 | C10: PO-EXP-01 a 04 | D10: Alta | E10: Diseñado · Entrega 1
A11: Historial de cambios de estado (Notificaciones) | B11: R8 | C11: PO-HIS-01 a 04 | D11: Media | E11: Entrega 1: 1 de 3 casos priorizados; el resto, en Entregas 2 y 3 o postergado
A12: Contratos e integración con Catálogo, Entradas, Check-in y Promociones | B12: R7, R10 | C12: PO-CON-01 a 06; PO-BUS-01 a 04 | D12: Media | E12: Entrega 1: 6 de 10 casos priorizados; el resto, postergado
A13: Estándares de UI (checklist visual) | B13: R12 | C13: PO-AUT-06; PO-UI-03 | D13: Baja | E13: Entrega 1: AUT-06 (exploratorio de la interfaz) priorizado; UI-03 postergado
A14: Rendimiento y carga (no funcional) | B14: R9 | C14: PO-REN-01 a 03 | D14: Media | E14: Diseñado contra OpenAPI · Entrega 3
... A17: HU-07 Notificar cambios de estado (broker) | B17: R13 | C17: PO-NOT-01 | D17: Alta | E17: Diseñado · Entrega 2 sobre la tabla de salida del Avance 2; envío real al broker en la Entrega 3 (R13)

Sheet Resumen
A1: Resumen de casos por técnica e importancia (se calcula desde la hoja Casos)
A3: Técnica | B3: Alta | C3: Media | D3: Baja | E3: Total
A4: Tabla de decisión | B4: =COUNTIFS(Casos!$J$5:$J$75,$A4,Casos!$G$5:$G$75,"Alta",Casos!$N$5:$N$75,"Entrega 1",Casos!$P$5:$P$75,"<>Postergado") | C4: =COUNTIFS(Casos!$J$5:$J$75,$A4,Casos!$G$5:$G$75,"Media",Casos!$N$5:$N$75,"Entrega 1",Casos!$P$5:$P$75,"<>Postergado") | D4: =COUNTIFS(Casos!$J$5:$J$75,$A4,Casos!$G$5:$G$75,"Baja",Casos!$N$5:$N$75,"Entrega 1",Casos!$P$5:$P$75,"<>Postergado") | E4: =SUM(B4:D4)
A5: Partición de equivalencia | B5: =COUNTIFS(Casos!$J$5:$J$75,$A5,Casos!$G$5:$G$75,"Alta",Casos!$N$5:$N$75,"Entrega 1",Casos!$P$5:$P$75,"<>Postergado") | C5: =COUNTIFS(Casos!$J$5:$J$75,$A5,Casos!$G$5:$G$75,"Media",Casos!$N$5:$N$75,"Entrega 1",Casos!$P$5:$P$75,"<>Postergado") | D5: =COUNTIFS(Casos!$J$5:$J$75,$A5,Casos!$G$5:$G$75,"Baja",Casos!$N$5:$N$75,"Entrega 1",Casos!$P$5:$P$75,"<>Postergado") | E5: =SUM(B5:D5)
A6: Valores límite | B6: =COUNTIFS(Casos!$J$5:$J$75,$A6,Casos!$G$5:$G$75,"Alta",Casos!$N$5:$N$75,"Entrega 1",Casos!$P$5:$P$75,"<>Postergado") | C6: =COUNTIFS(Casos!$J$5:$J$75,$A6,Casos!$G$5:$G$75,"Media",Casos!$N$5:$N$75,"Entrega 1",Casos!$P$5:$P$75,"<>Postergado") | D6: =COUNTIFS(Casos!$J$5:$J$75,$A6,Casos!$G$5:$G$75,"Baja",Casos!$N$5:$N$75,"Entrega 1",Casos!$P$5:$P$75,"<>Postergado") | E6: =SUM(B6:D6)
A7: Transición de estados | B7: =COUNTIFS(Casos!$J$5:$J$75,$A7,Casos!$G$5:$G$75,"Alta",Casos!$N$5:$N$75,"Entrega 1",Casos!$P$5:$P$75,"<>Postergado") | C7: =COUNTIFS(Casos!$J$5:$J$75,$A7,Casos!$G$5:$G$75,"Media",Casos!$N$5:$N$75,"Entrega 1",Casos!$P$5:$P$75,"<>Postergado") | D7: =COUNTIFS(Casos!$J$5:$J$75,$A7,Casos!$G$5:$G$75,"Baja",Casos!$N$5:$N$75,"Entrega 1",Casos!$P$5:$P$75,"<>Postergado") | E7: =SUM(B7:D7)
A8: Casos de uso | B8: =COUNTIFS(Casos!$J$5:$J$75,$A8,Casos!$G$5:$G$75,"Alta",Casos!$N$5:$N$75,"Entrega 1",Casos!$P$5:$P$75,"<>Postergado") | C8: =COUNTIFS(Casos!$J$5:$J$75,$A8,Casos!$G$5:$G$75,"Media",Casos!$N$5:$N$75,"Entrega 1",Casos!$P$5:$P$75,"<>Postergado") | D8: =COUNTIFS(Casos!$J$5:$J$75,$A8,Casos!$G$5:$G$75,"Baja",Casos!$N$5:$N$75,"Entrega 1",Casos!$P$5:$P$75,"<>Postergado") | E8: =SUM(B8:D8)
A9: Exploratorio | B9: =COUNTIFS(Casos!$J$5:$J$75,$A9,Casos!$G$5:$G$75,"Alta",Casos!$N$5:$N$75,"Entrega 1",Casos!$P$5:$P$75,"<>Postergado") | C9: =COUNTIFS(Casos!$J$5:$J$75,$A9,Casos!$G$5:$G$75,"Media",Casos!$N$5:$N$75,"Entrega 1",Casos!$P$5:$P$75,"<>Postergado") | D9: =COUNTIFS(Casos!$J$5:$J$75,$A9,Casos!$G$5:$G$75,"Baja",Casos!$N$5:$N$75,"Entrega 1",Casos!$P$5:$P$75,"<>Postergado") | E9: =SUM(B9:D9)
A10: Predicción de errores / checklist | B10: =COUNTIFS(Casos!$J$5:$J$75,$A10,Casos!$G$5:$G$75,"Alta",Casos!$N$5:$N$75,"Entrega 1",Casos!$P$5:$P$75,"<>Postergado") | C10: =COUNTIFS(Casos!$J$5:$J$75,$A10,Casos!$G$5:$G$75,"Media",Casos!$N$5:$N$75,"Entrega 1",Casos!$P$5:$P$75,"<>Postergado") | D10: =COUNTIFS(Casos!$J$5:$J$75,$A10,Casos!$G$5:$G$75,"Baja",Casos!$N$5:$N$75,"Entrega 1",Casos!$P$5:$P$75,"<>Postergado") | E10: =SUM(B10:D10)
A11: Análisis estático | B11: =COUNTIFS(Casos!$J$5:$J$75,$A11,Casos!$G$5:$G$75,"Alta",Casos!$N$5:$N$75,"Entrega 1",Casos!$P$5:$P$75,"<>Postergado") | C11: =COUNTIFS(Casos!$J$5:$J$75,$A11,Casos!$G$5:$G$75,"Media",Casos!$N$5:$N$75,"Entrega 1",Casos!$P$5:$P$75,"<>Postergado") | D11: =COUNTIFS(Casos!$J$5:$J$75,$A11,Casos!$G$5:$G$75,"Baja",Casos!$N$5:$N$75,"Entrega 1",Casos!$P$5:$P$75,"<>Postergado") | E11: =SUM(B11:D11)
A12: Caja blanca (cobertura) | B12: =COUNTIFS(Casos!$J$5:$J$75,$A12,Casos!$G$5:$G$75,"Alta",Casos!$N$5:$N$75,"Entrega 1",Casos!$P$5:$P$75,"<>Postergado") | C12: =COUNTIFS(Casos!$J$5:$J$75,$A12,Casos!$G$5:$G$75,"Media",Casos!$N$5:$N$75,"Entrega 1",Casos!$P$5:$P$75,"<>Postergado") | D12: =COUNTIFS(Casos!$J$5:$J$75,$A12,Casos!$G$5:$G$75,"Baja",Casos!$N$5:$N$75,"Entrega 1",Casos!$P$5:$P$75,"<>Postergado") | E12: =SUM(B12:D12)
A13: Regresión automatizada | B13: =COUNTIFS(Casos!$J$5:$J$75,$A13,Casos!$G$5:$G$75,"Alta",Casos!$N$5:$N$75,"Entrega 1",Casos!$P$5:$P$75,"<>Postergado") | C13: =COUNTIFS(Casos!$J$5:$J$75,$A13,Casos!$G$5:$G$75,"Media",Casos!$N$5:$N$75,"Entrega 1",Casos!$P$5:$P$75,"<>Postergado") | D13: =COUNTIFS(Casos!$J$5:$J$75,$A13,Casos!$G$5:$G$75,"Baja",Casos!$N$5:$N$75,"Entrega 1",Casos!$P$5:$P$75,"<>Postergado") | E13: =SUM(B13:D13)
A14: Pruebas de rendimiento | B14: =COUNTIFS(Casos!$J$5:$J$75,$A14,Casos!$G$5:$G$75,"Alta",Casos!$N$5:$N$75,"Entrega 1",Casos!$P$5:$P$75,"<>Postergado") | C14: =COUNTIFS(Casos!$J$5:$J$75,$A14,Casos!$G$5:$G$75,"Media",Casos!$N$5:$N$75,"Entrega 1",Casos!$P$5:$P$75,"<>Postergado") | D14: =COUNTIFS(Casos!$J$5:$J$75,$A14,Casos!$G$5:$G$75,"Baja",Casos!$N$5:$N$75,"Entrega 1",Casos!$P$5:$P$75,"<>Postergado") | E14: =SUM(B14:D14)
A15: Total Entrega 1 (priorizados) | B15: =SUM(B4:B14) | C15: =SUM(C4:C14) | D15: =SUM(D4:D14) | E15: =SUM(E4:E14)
A17: Casos por entrega
A18: Entrega 1 | B18: =COUNTIFS(Casos!$N$5:$N$75,A18,Casos!$P$5:$P$75,"<>Postergado")
A19: Entrega 2 | B19: =COUNTIF(Casos!$N$5:$N$75,A19)
A20: Entrega 3 | B20: =COUNTIF(Casos!$N$5:$N$75,A20)
A21: Entrega 1 postergados | B21: =COUNTIF(Casos!$P$5:$P$75,"Postergado")
A22: Total diseñados | B22: =SUM(B18:B21)
